{"cameraMode":{"drawMode":0,"name":"Shaded","section":"Shading Mode"},"sceneLighting":true,"audioPlay":false,"sceneViewState":{"m_AlwaysRefresh":false,"showFog":true,"showSkybox":true,"showFlares":true,"showImageEffects":true,"showParticleSystems":true,"showVisualEffectGraphs":true,"m_FxEnabled":true},"in2DMode":false,"pivot":{"x":3.263385772705078,"y":-25.2327880859375,"z":29.241355895996095},"rotation":{"x":-0.3623236119747162,"y":-0.00768438633531332,"z":0.0026526933070272209,"w":-0.9319024085998535},"size":20.554643630981447,"orthographic":false}