{"cameraMode":{"drawMode":0,"name":"Shaded","section":"Shading Mode"},"sceneLighting":true,"audioPlay":false,"sceneViewState":{"m_AlwaysRefresh":false,"showFog":true,"showSkybox":true,"showFlares":true,"showImageEffects":true,"showParticleSystems":true,"showVisualEffectGraphs":true,"m_FxEnabled":true},"in2DMode":false,"pivot":{"x":-0.21196460723876954,"y":0.383109986782074,"z":0.40718674659729006},"rotation":{"x":-0.07941799610853195,"y":0.6225906014442444,"z":-0.06372912228107453,"w":-0.775928258895874},"size":3.9458653926849367,"orthographic":true}