{"cameraMode":{"drawMode":0,"name":"Shaded","section":"Shading Mode"},"sceneLighting":true,"audioPlay":false,"sceneViewState":{"m_AlwaysRefresh":false,"showFog":true,"showSkybox":true,"showFlares":true,"showImageEffects":true,"showParticleSystems":true,"showVisualEffectGraphs":true,"m_FxEnabled":true},"in2DMode":false,"pivot":{"x":1.0297367572784424,"y":0.41164398193359377,"z":6.508208751678467},"rotation":{"x":-0.30735480785369875,"y":-0.1802629679441452,"z":0.05895799398422241,"w":-0.9324749112129211},"size":3.6124682426452638,"orthographic":false}