{"cameraMode":{"drawMode":0,"name":"Shaded","section":"Shading Mode"},"sceneLighting":true,"audioPlay":false,"sceneViewState":{"m_AlwaysRefresh":false,"showFog":true,"showSkybox":true,"showFlares":true,"showImageEffects":true,"showParticleSystems":true,"showVisualEffectGraphs":true,"m_FxEnabled":true},"in2DMode":false,"pivot":{"x":2.1124753952026369,"y":1.771330714225769,"z":0.7244457006454468},"rotation":{"x":0.38591182231903078,"y":0.08025594800710678,"z":-0.033328596502542499,"w":0.9182804226875305},"size":2.4248709678649904,"orthographic":false}