{"cameraMode":{"drawMode":0,"name":"Shaded","section":"Shading Mode"},"sceneLighting":true,"audioPlay":false,"sceneViewState":{"m_AlwaysRefresh":false,"showFog":true,"showSkybox":true,"showFlares":true,"showImageEffects":true,"showParticleSystems":true,"showVisualEffectGraphs":true,"m_FxEnabled":true},"in2DMode":false,"pivot":{"x":4.954188346862793,"y":-0.9710679054260254,"z":0.9104405641555786},"rotation":{"x":0.024946894496679307,"y":-0.6912844777107239,"z":0.023825686424970628,"w":0.7218276262283325},"size":2.5092227458953859,"orthographic":true}