{"cameraMode":{"drawMode":0,"name":"Shaded","section":"Shading Mode"},"sceneLighting":true,"audioPlay":false,"sceneViewState":{"m_AlwaysRefresh":false,"showFog":true,"showSkybox":true,"showFlares":true,"showImageEffects":true,"showParticleSystems":true,"showVisualEffectGraphs":true,"m_FxEnabled":true},"in2DMode":false,"pivot":{"x":7.782623291015625,"y":-247.07550048828126,"z":199.71832275390626},"rotation":{"x":0.43926098942756655,"y":-0.005427876953035593,"z":0.0031973884906619789,"w":0.8982782363891602},"size":175.13812255859376,"orthographic":false}