{"cameraMode":{"drawMode":0,"name":"Shaded","section":"Shading Mode"},"sceneLighting":true,"audioPlay":false,"sceneViewState":{"m_AlwaysRefresh":false,"showFog":true,"showSkybox":true,"showFlares":true,"showImageEffects":true,"showParticleSystems":true,"showVisualEffectGraphs":true,"m_FxEnabled":true},"in2DMode":false,"pivot":{"x":4.954188346862793,"y":-0.9710679054260254,"z":0.9104405641555786},"rotation":{"x":0.3516963720321655,"y":0.05445117503404617,"z":-0.020504917949438096,"w":0.9343583583831787},"size":5.003081321716309,"orthographic":true}