{"cameraMode":{"drawMode":0,"name":"Shaded","section":"Shading Mode"},"sceneLighting":true,"audioPlay":false,"sceneViewState":{"m_AlwaysRefresh":false,"showFog":true,"showSkybox":false,"showFlares":true,"showImageEffects":true,"showParticleSystems":true,"showVisualEffectGraphs":true,"m_FxEnabled":true},"in2DMode":false,"pivot":{"x":18.771024703979493,"y":0.3404947817325592,"z":20.0049991607666},"rotation":{"x":-0.568347156047821,"y":-0.006419447250664234,"z":0.0044438280165195469,"w":-0.822780430316925},"size":0.20784707367420197,"orthographic":true}